id,surname,mail,date,website

1,Callahan,urangel@espinoza-francis.n,2020-08-26,http://www.escobar.org/

2,Ferrell,xreese@hall-donovan.c,2020-04-27,https://tyler-pugh.info/

3,Andersen,haleybraun@blevins-sexton.c,2022-03-22,https://www.mack-bell.net/

4,Ponce,hohailey@anthony.c,2020-07-02,https://delacruz-freeman.org/

5,Mccormick,alvaradojesse@rangel-shields.c,2021-01-17,https://welch.info/

6,Lee,briangriffin@chang.o,2021-08-13,https://www.roberts.com/

7,Hoffman,bauergerald@morrison.c,2020-04-09,http://www.holt.com/

8,Wiggins,changkellie@howell.c,2021-04-02,http://carlson.com/

9,Payne,mayerjerome@hurst-graham.n,2020-11-26,https://www.glenn-snow.com/

10,Franco,kentryan@stone-oneill.c,2021-06-29,http://ruiz.com/

11,Hawkins,danielbuckley@hatfield.i,2021-05-02,https://www.newman.com/

12,Shaffer,gabrielaleach@rose.n,2021-04-07,https://www.hoffman-rubio.com/

13,Moran,cartermallory@chung.c,2020-02-28,https://hinton.info/

14,Hammond,lweeks@hooper.o,2022-03-03,https://bush-huynh.org/

15,Blackwell,calhounalisha@hardin.n,2021-03-30,https://barker-bishop.info/

16,Newton,ypayne@gaines.b,2020-08-09,https://figueroa.com/

17,Archer,nwu@brady-chen.c,2021-05-21,http://www.callahan.net/

18,Griffin,harold11@mullen.o,2021-06-02,http://www.mclaughlin-hubbard.net/

19,Valencia,andrewsanders@marks.c,2021-04-17,http://www.myers.com/

20,Ramsey,amy99@booker.c,2020-12-30,http://www.larsen-floyd.biz/

21,Meadows,basschristian@faulkner.c,2020-01-01,https://chavez.com/

22,Brock,ldelacruz@spence.c,2021-06-27,https://www.norman.org/

23,Pope,hayleyritter@price.n,2020-05-19,http://www.moyer.com/

24,Stanton,yhebert@hays-rivera.c,2020-01-23,http://young.com/

25,Flynn,austinhobbs@briggs.c,2020-09-05,http://huerta-cordova.info/

26,Williamson,zramos@haney.o,2020-03-06,http://www.allison-clements.com/

27,Calderon,shelley82@jarvis.c,2021-06-17,http://www.larsen.org/

28,Walton,sharigriffin@cameron.c,2020-11-15,https://quinn.biz/

29,Mack,rpace@huynh.c,2021-03-01,http://www.macdonald-lyons.com/

30,Jacobson,emullins@simpson-christensen.c,2021-09-02,http://www.guerra-armstrong.com/

31,Harper,patricialeach@hernandez.b,2020-07-06,http://www.barajas-hendrix.com/

32,Mayer,mindy15@fuentes.o,2020-07-15,http://perkins.com/

33,Owens,jake39@little.c,2022-01-02,https://mckee-hill.net/

34,Davies,mhudson@hardin.c,2021-03-09,https://www.bray.com/

35,Cruz,nlane@kane-pennington.c,2022-05-03,https://www.tran.net/

36,Hubbard,savannah10@simpson.c,2021-03-17,https://www.velazquez-wright.com/

37,Bennett,cristian16@hill-beard.c,2021-01-12,https://www.frederick.com/

38,Hansen,jasmineaustin@whitehead.i,2020-01-14,https://www.graves.info/

39,Foster,samuel97@wyatt.c,2020-10-29,https://www.schmitt.com/

40,Medina,karlgarrett@fischer.b,2020-03-02,http://www.nicholson.org/

41,Santana,biancahenry@hernandez.o,2021-06-11,http://www.gates.net/

42,Moreno,marisa13@hickman.c,2022-02-12,https://www.gillespie.biz/

43,Bush,billymorris@lambert-irwin.c,2020-02-13,http://www.zhang.com/

44,Davenport,barry91@howe.i,2020-05-10,https://www.davenport.com/

45,Terry,kdavies@owen-humphrey.i,2021-01-04,http://www.grimes-summers.com/

46,Esparza,gregghendricks@conner-weiss.i,2020-09-24,http://harris.net/

47,Richard,alfredbradford@perry.c,2022-04-17,https://www.delacruz.com/

48,Moore,ngilmore@bush.n,2021-12-25,https://www.tyler.com/

49,Gillespie,vgilbert@romero.b,2020-06-23,https://www.long-hickman.com/

50,Lin,dgould@graham-winters.c,2021-10-06,https://johns-sharp.com/

51,Thomas,fsuarez@cooper-montes.b,2021-10-21,http://mcgrath.org/

52,Fischer,natasha83@delacruz-edwards.c,2020-01-26,https://spencer.com/

53,West,mbonilla@hampton.c,2020-01-22,https://www.lindsey.org/

54,Morton,basskaylee@lynn-gill.b,2021-08-19,https://www.leblanc.com/

55,Guerra,lfaulkner@villanueva.c,2022-05-12,https://giles-newton.com/

56,Shelton,maystiffany@davidson.c,2022-04-21,https://richmond.com/

57,Meza,katie69@romero.n,2020-11-12,https://nolan.com/

58,Tapia,valerie35@olsen.c,2020-10-11,http://www.fernandez-fisher.com/

59,Powell,ivanhiggins@charles-estrada.c,2021-09-30,https://www.mcneil.com/

60,Irwin,xcallahan@cantu.c,2021-06-26,https://www.nguyen.com/

61,Hodge,melvindrake@friedman-bradley.c,2021-10-22,https://www.cain-allen.com/

62,Drake,carpentergary@vance-weeks.c,2022-03-03,https://www.snow.org/

63,Tran,duartejohnathan@pennington.c,2020-09-02,https://www.knight.net/

64,Webster,zbrock@blevins-payne.c,2020-03-10,http://www.rush.biz/

65,Mcclure,phelpsandres@hartman-cooper.o,2021-03-15,http://www.levine.com/

66,Wu,nataliefarley@richardson.c,2021-10-05,http://carrillo.com/

67,Bridges,daisyblair@walsh-holmes.o,2021-12-05,https://www.trevino.info/

68,Washington,thomasnicholas@blankenship-ford.c,2021-09-26,https://www.wagner.org/

69,Ayala,hburke@duke-mcmahon.c,2020-12-05,https://www.copeland.org/

70,Hooper,lonnielittle@hoffman-meadows.c,2020-03-15,http://moyer.com/

71,Robbins,qmcdaniel@cruz.n,2020-12-20,https://www.acevedo-macdonald.net/

72,Cobb,austinvang@glenn.c,2021-06-22,https://deleon.com/

73,Salas,shortfrederick@cobb.n,2020-01-12,https://www.roach.com/

74,Long,yolanda69@rosario.c,2022-01-09,http://www.blankenship.com/

75,Kemp,michaela80@russell.c,2020-07-21,http://www.terrell.com/

76,Horn,ashley39@garrison.c,2020-02-26,https://www.rodgers.biz/

77,Spears,alan50@hobbs.i,2021-09-13,https://valdez-li.org/

78,Ortiz,hsantos@lopez.i,2020-05-21,http://whitehead.info/

79,Ortega,robbinsgordon@dyer-kim.i,2021-09-29,http://barr-salas.org/

80,Cantu,meghanfernandez@patel-todd.c,2020-11-02,http://schaefer.com/

81,Pittman,gabrielarobbins@hawkins-bernard.c,2020-09-05,http://www.benson-keller.com/

82,Cowan,qlarson@berry.b,2021-09-24,http://www.potts-conrad.com/

83,Chen,hmorgan@olson.c,2020-04-30,https://ibarra.com/

84,Stanley,charlottemercer@hensley.n,2020-12-12,http://watson-frye.org/

85,Gallegos,escobarisabella@harrell-santiago.i,2020-10-13,https://kirk-skinner.com/

86,Pruitt,jessica36@hart.c,2021-08-17,https://www.mccormick.biz/

87,Vaughan,ellen80@bonilla.c,2020-10-22,http://jefferson.com/

88,Bautista,chavezrandall@mckinney-stafford.n,2020-05-27,https://www.anthony.net/

89,Chase,gravesgrace@molina.o,2020-06-23,http://wise-mendez.com/

90,Hurley,hhuerta@morris-case.i,2021-04-25,https://zimmerman.com/

91,Huang,ydavid@potter.c,2022-05-16,http://sampson-marshall.biz/

92,Cummings,colealexander@turner.b,2020-09-20,http://www.atkinson-may.com/

93,Jackson,carpenterkylie@chambers-frost.c,2021-02-11,http://henry.com/

94,Chapman,adrian55@gardner-gaines.c,2022-04-14,https://www.gutierrez-lloyd.com/

95,Cortez,bonillaalex@cervantes.o,2021-03-20,http://www.mayer.com/

96,Hendrix,maureen18@barr.o,2020-12-24,http://mccarty-meza.info/

97,Buchanan,ocole@sanders-lowery.n,2020-04-22,http://www.price.com/

98,Moore,spencerbright@powell.b,2021-12-10,https://wall-reid.com/

99,Tanner,dawncoffey@barker.c,2022-05-15,https://newton-esparza.net/

100,Sims,anthonyzuniga@tucker.c,2021-07-27,http://moran.com/

101,Strong,carrillokenneth@bowman-montoya.c,2021-10-22,https://allison.info/

102,Mullins,mercedes11@floyd-hall.c,2021-07-24,https://bates-christian.biz/

103,Rush,dominguezparker@preston.n,2021-12-12,http://hill.com/

104,Hurst,vernonrush@harvey.c,2020-06-30,http://www.hurst-johnston.info/

105,Collier,samantha34@mccarthy.c,2020-04-11,https://hendrix-pittman.biz/

106,Sanchez,joconnor@cooley.c,2021-07-09,https://jones.com/

107,Manning,toddmcmahon@beard-lambert.c,2021-01-24,http://hurley.org/

108,Forbes,veronicablankenship@pace.c,2020-03-02,http://osborne.com/

109,Ryan,swarren@buck-roach.c,2020-06-24,https://frederick.com/

110,Short,garymelton@petersen-lam.o,2020-01-03,http://www.lawrence.biz/

111,Henry,mathisgloria@house-hamilton.o,2020-07-05,https://silva.com/

112,West,patrickfelicia@goodwin.o,2020-12-29,https://henson.net/

113,Gallagher,hortonmiguel@mays-rivers.o,2021-02-06,https://morse.org/

114,Wiley,preston76@house.c,2020-08-07,https://valencia.com/

115,Merritt,moneal@hudson.b,2021-04-10,http://carpenter-estes.net/

116,Mejia,beckyshaw@bradley-booth.c,2021-07-23,http://cortez-cooper.com/

117,Alvarez,kanthony@osborne.c,2020-08-30,https://www.butler.info/

118,Berger,alexandraroy@juarez-kane.c,2020-05-23,http://james.org/

119,Daniel,ckhan@underwood.n,2020-03-25,https://www.chase.info/

120,Mueller,joe34@salazar.c,2022-05-13,https://www.duffy-coffey.biz/

121,Middleton,vernon36@browning.i,2021-06-28,http://parrish.com/

122,Fletcher,pammorales@james-benjamin.n,2021-03-17,http://werner.org/

123,Wong,paulcastaneda@burke.c,2021-09-29,http://www.archer.com/

124,Brock,sarahpotts@bradford.c,2020-05-07,https://alvarado.com/

125,Petersen,wwhite@perez.c,2021-09-12,https://www.kaufman-ho.com/

126,Fuller,orice@drake.c,2020-10-04,http://tapia-davis.com/

127,Klein,damon39@terrell.c,2020-02-13,http://www.drake.com/

128,Richards,watkinsevan@ward.b,2021-12-20,https://www.rojas.net/

129,Fitzpatrick,meredith05@lawrence-shaw.c,2020-06-17,https://hale-montes.com/

130,Gregory,lacey04@cross.c,2021-10-28,http://www.nguyen-curry.com/

131,Mckay,travisfoley@brandt.c,2021-05-25,https://blake.net/

132,Rhodes,hmccarty@sharp.b,2022-01-15,https://atkins.com/

133,Byrd,alisonsanders@durham.c,2020-04-26,https://www.mack.biz/

134,Miller,bjordan@small-black.c,2022-01-15,http://www.cordova.com/

135,Marsh,damonhowe@larsen.o,2021-07-15,https://newman.com/

136,Paul,tasha85@wilson.b,2021-11-27,http://gray.com/

137,Oconnell,oneilldamon@spencer.c,2021-09-26,http://barr-faulkner.info/

138,Bradshaw,weaverclinton@zamora.o,2021-12-25,https://www.walton.biz/

139,Chase,xtapia@hensley.i,2022-04-25,https://patel.com/

140,Crawford,fenglish@warner.n,2021-11-18,https://www.wells-simon.info/

141,Vance,brendanbarrera@gill-thornton.i,2022-04-17,https://frey.com/

142,Sanford,peggy95@park.i,2021-05-18,https://www.donaldson-norman.com/

143,Singleton,kerriray@owen-stone.i,2021-10-29,http://www.singleton.com/

144,Sutton,nichole45@michael.o,2021-09-19,https://www.thompson.org/

145,Eaton,daltonrangel@prince.b,2021-04-27,http://www.elliott-tyler.org/

146,Huff,vmyers@novak-delacruz.b,2021-08-01,https://garner.net/

147,Pollard,weavermeagan@sampson.c,2020-03-02,https://fox.biz/

148,Hunter,hebertdarin@kidd.c,2020-03-22,http://www.small.com/

149,Miles,elizabethcopeland@morris-moss.i,2021-09-17,http://bautista.com/

150,May,cannonshirley@carson-dorsey.c,2021-09-08,https://www.brock.com/

151,Garza,dana05@hester.n,2021-01-23,http://www.larson.com/

152,Brown,willie99@snyder.c,2021-09-08,http://sloan.info/

153,Oconnell,lunakirsten@zimmerman-salinas.o,2020-06-15,https://howard-crawford.com/

154,Garrett,marthaguerra@anderson.c,2020-04-30,http://www.campos.org/

155,Bender,joanne07@pennington.c,2020-10-12,http://www.huffman.com/

156,Harrison,jerry26@hudson-acevedo.n,2020-10-31,http://curry.com/

157,Fowler,katie93@norris.b,2020-08-27,https://www.whitehead.org/

158,Golden,gacosta@stephenson-tyler.b,2020-03-31,http://www.best.com/

159,Lawson,madisoncarey@spence-beck.i,2020-10-31,https://hinton.com/

160,Vaughan,kari95@henry.o,2021-01-31,https://weber.net/

161,Hoover,tiffany09@perkins.c,2021-05-27,http://wilcox.com/

162,Boyle,davefarmer@neal-farrell.o,2022-01-13,http://www.walter.info/

163,Noble,lydiameyers@frederick.c,2020-06-24,http://www.escobar.com/

164,Molina,timothyrivera@wade-galloway.n,2020-09-18,https://www.bridges.biz/

165,Christian,harmonmadison@finley-clarke.n,2020-10-19,https://nash.info/

166,Estes,vincent58@norton.c,2021-02-08,https://www.mendez-duran.com/

167,Myers,brandibarker@peterson.n,2021-07-05,http://cantu.com/

168,Barker,lindsayrocha@preston.o,2021-07-03,http://www.orozco.biz/

169,Huerta,daniel75@hansen.c,2020-09-17,http://mitchell.com/

170,Knight,eschultz@salas.c,2020-08-05,https://vincent.com/

171,Booth,perry87@nichols.b,2021-10-12,https://molina.com/

172,Guerra,frederickmisty@carpenter-nielsen.n,2021-01-25,http://palmer-chan.org/

173,Murillo,jodonnell@oliver.c,2021-05-18,http://www.medina.info/

174,Lawrence,ehampton@lopez-brandt.o,2021-03-16,https://www.butler.com/

175,Ewing,evansstuart@griffin.o,2021-12-16,http://mata.com/

176,Pacheco,kristina23@carr-arias.c,2020-05-05,https://galvan-lucero.org/

177,Browning,gabriellanorton@robertson.o,2021-04-17,http://www.pena.com/

178,Woods,lonnieguerra@cooke.c,2020-10-17,https://wallace.com/

179,Lopez,cowandeanna@house.c,2020-11-24,http://frye.com/

180,Small,reginahancock@walker.o,2021-01-17,http://haney.biz/

181,Kirk,jasmin18@juarez-richmond.c,2021-04-25,http://lam-villanueva.com/

182,Arellano,sandy44@thomas.c,2020-11-13,https://bradford.com/

183,Hayden,gravesalisha@harrell.i,2021-11-24,https://www.li.biz/

184,Bullock,bcole@stevens.c,2020-03-23,http://www.bernard-archer.info/

185,Leonard,jessica41@klein.b,2020-10-19,http://www.meadows.org/

186,Mcfarland,guymorrow@romero-owen.c,2020-06-14,https://www.horne.com/

187,Steele,manuel95@holden-franklin.c,2020-09-27,http://www.maldonado.com/

188,Boone,yreyes@rowe.c,2020-01-29,https://li.com/

189,Moyer,russorussell@galloway.b,2020-12-30,https://franklin.com/

190,Reese,craigwhitney@carrillo.i,2020-04-10,https://randolph.com/

191,Bullock,cwolf@arellano.c,2021-09-30,http://www.wise-horton.com/

192,Paul,bweaver@levy.i,2020-04-10,https://www.mccarty.biz/

193,Cardenas,wflynn@andersen.c,2021-03-10,https://www.anderson.com/

194,Velez,pcannon@choi.c,2021-04-17,http://www.pacheco.com/

195,Collins,luis12@buck.c,2020-11-06,http://flynn-cameron.info/

196,Harper,fieldskelly@blackburn.b,2020-03-22,http://macias-duffy.com/

197,Serrano,vwhite@peterson-gould.c,2022-03-17,https://www.lambert-smith.biz/

198,Robbins,cuevasgeorge@navarro-mcmahon.c,2022-03-24,https://mccarthy.com/

199,Abbott,breanna32@mayer.n,2020-12-31,https://www.jordan-phelps.org/

200,Cantrell,kwarner@barrera.o,2021-09-04,http://powers-bird.com/

201,Washington,sharpgreg@rubio-garrison.o,2021-03-01,https://www.stone.com/

202,Suarez,usloan@harrington.c,2022-01-16,https://www.duncan.org/

203,Washington,ariana05@kelly-arellano.c,2021-01-10,http://www.conrad.com/

204,Hamilton,edward56@parks.b,2020-10-02,http://jones.com/

205,Fletcher,gcollier@golden.c,2021-08-22,https://rhodes-hutchinson.org/

206,Morse,woodsdevin@maldonado.o,2020-05-17,https://www.wheeler-wong.com/

207,Pruitt,mcbridekylie@mcdowell-christensen.c,2020-10-21,http://johnson.net/

208,Peterson,rothkerry@atkins-porter.c,2021-08-04,http://www.miranda.info/

209,Pearson,jerrygates@garner.n,2022-01-13,https://burnett.com/

210,Meadows,jack76@compton.c,2021-09-09,https://www.hunter.com/

211,Dickson,kaitlinbooth@hurley.c,2020-08-17,https://www.rhodes.biz/

212,Shannon,hillterrance@gamble.i,2021-02-01,http://mccann.com/

213,Vasquez,mosleyross@lawrence.c,2021-01-28,http://www.weiss.com/

214,Oconnell,malik63@frazier-nichols.b,2022-03-03,http://www.gray.org/

215,Walker,luceromaxwell@wong.b,2021-01-15,http://hodge-ramirez.com/

216,Shah,luis82@sparks.c,2020-07-05,http://www.butler.biz/

217,Mitchell,lauren64@faulkner-hood.i,2020-12-05,http://mckee.com/

218,Schmidt,elutz@medina-garcia.c,2021-05-11,https://www.payne.com/

219,Simpson,knappalisha@franco.o,2020-03-01,http://www.robbins.biz/

220,Keith,yolanda40@rhodes.c,2020-05-03,http://www.murray-woodard.net/

221,Hoffman,xortiz@gates.c,2021-12-17,https://beltran.com/

222,Tyler,obates@bennett-nicholson.n,2020-10-26,https://freeman-maddox.com/

223,Ford,sabrinaerickson@wise.i,2020-09-10,http://odom.info/

224,Gates,xrollins@mcfarland.c,2020-02-11,https://www.hood-decker.com/

225,Gaines,yolanda53@thomas.i,2022-01-26,https://www.marshall.com/

226,Wilson,lucas94@barrera.c,2021-02-16,https://booth-guzman.info/

227,Jordan,wisediane@dean.c,2021-03-15,http://bowers-ashley.com/

228,Stafford,tonyaruiz@farmer.c,2020-03-27,http://www.hatfield.com/

229,Saunders,triciarichards@shelton.n,2021-03-30,http://www.hurley.com/

230,Barrera,philip88@carr.b,2021-12-29,http://www.boyle-archer.net/

231,Bullock,josephchaney@roach-rocha.i,2021-07-13,https://www.huff.com/

232,Stuart,shanecuevas@terry.c,2020-10-01,http://rubio.com/

233,Lamb,aserrano@webb.o,2021-03-02,http://gordon.org/

234,Huang,ericksoncheyenne@taylor.c,2020-10-09,https://harris-houston.biz/

235,Hendricks,dorothy66@howe-kim.c,2022-05-10,https://suarez.com/

236,Ramos,oscar33@holden-morrow.c,2022-03-23,https://maynard-madden.net/

237,Carpenter,jacobskurt@dalton-small.c,2020-12-18,http://www.mathews.com/

238,Whitehead,iosborn@brady.c,2020-11-08,http://levine-francis.com/

239,Arnold,walterfrye@good-boyer.c,2020-04-12,http://christian.com/

240,Lawrence,samuelwelch@reid.n,2020-08-17,https://bush.com/

241,Moran,wcole@bell.i,2021-10-18,https://www.roth-haney.com/

242,Stephens,miguelmathis@crawford.i,2022-05-03,https://burnett.com/

243,Hale,romeroangie@cunningham.o,2021-01-26,https://www.jennings-mann.com/

244,Lee,vbooker@donovan-stokes.i,2021-12-09,https://greene-goodman.info/

245,Savage,cheyenne64@solomon.n,2021-04-29,http://terrell.biz/

246,Duffy,rmcfarland@shelton.c,2021-11-17,https://www.pearson-wallace.biz/

247,Serrano,tammyspence@day.o,2020-03-28,https://www.haley.info/

248,Rosales,joanna47@davidson.o,2020-05-07,https://www.cochran-cook.com/

249,Arellano,jeffrey24@douglas-landry.c,2021-05-01,http://www.hardin-duran.org/

250,Shea,burnettrebecca@brewer.i,2021-02-01,http://www.tyler-sosa.biz/

